<mp:date xc:value="20200124"><sc:security xmlns:sc="mx.MarketParameters.Securities"><scpr:price xmlns:scpr="mx.MarketParameters.Securities.Prices"><scpr:type xc:value="Future"><scpr:market xc:value="ZAR BD GOV"><scpr:label xc:value="JSE R186"><scpr:maturity xc:type="Fields" xc:value="NOV 20"><mp:bid1 xc:keyFormat="N">8.23878</mp:bid1><mp:ask1 xc:keyFormat="N">8.23878</mp:ask1></scpr:maturity></scpr:label></scpr:market></scpr:type><scpr:type xc:value="Future"><scpr:market xc:value="ZAR BD GOV"><scpr:label xc:value="JSE R2023"><scpr:maturity xc:type="Fields" xc:value="NOV 20"><mp:bid1 xc:keyFormat="N">6.72122</mp:bid1><mp:ask1 xc:keyFormat="N">6.72122</mp:ask1></scpr:maturity></scpr:label></scpr:market></scpr:type><scpr:type xc:value="Future"><scpr:market xc:value="ZAR BD GOV"><scpr:label xc:value="JSE R2030"><scpr:maturity xc:type="Fields" xc:value="NOV 20"><mp:bid1 xc:keyFormat="N">9.22222</mp:bid1><mp:ask1 xc:keyFormat="N">9.22222</mp:ask1></scpr:maturity></scpr:label></scpr:market></scpr:type><scpr:type xc:value="Future"><scpr:market xc:value="ZAR BD GOV"><scpr:label xc:value="JSE R2037"><scpr:maturity xc:type="Fields" xc:value="NOV 20"><mp:bid1 xc:keyFormat="N">10.18648</mp:bid1><mp:ask1 xc:keyFormat="N">10.18648</mp:ask1></scpr:maturity></scpr:label></scpr:market></scpr:type><scpr:type xc:value="Future"><scpr:market xc:value="ZAR BD GOV"><scpr:label xc:value="JSE R2040"><scpr:maturity xc:type="Fields" xc:value="NOV 20"><mp:bid1 xc:keyFormat="N">10.31229</mp:bid1><mp:ask1 xc:keyFormat="N">10.31229</mp:ask1></scpr:maturity></scpr:label></scpr:market></scpr:type><scpr:type xc:value="Future"><scpr:market xc:value="ZAR BD GOV"><scpr:label xc:value="JSE R2044"><scpr:maturity xc:type="Fields" xc:value="NOV 20"><mp:bid1 xc:keyFormat="N">10.41374</mp:bid1><mp:ask1 xc:keyFormat="N">10.41374</mp:ask1></scpr:maturity></scpr:label></scpr:market></scpr:type><scpr:type xc:value="Future"><scpr:market xc:value="ZAR BD GOV"><scpr:label xc:value="JSE R2048"><scpr:maturity xc:type="Fields" xc:value="NOV 20"><mp:bid1 xc:keyFormat="N">10.39119</mp:bid1><mp:ask1 xc:keyFormat="N">10.39119</mp:ask1></scpr:maturity></scpr:label></scpr:market></scpr:type><scpr:type xc:value="Future"><scpr:market xc:value="ZAR BD GOV"><scpr:label xc:value="JSE R208"><scpr:maturity xc:type="Fields" xc:value="NOV 20"><mp:bid1 xc:keyFormat="N">5.21539</mp:bid1><mp:ask1 xc:keyFormat="N">5.21539</mp:ask1></scpr:maturity></scpr:label></scpr:market></scpr:type><scpr:type xc:value="Future"><scpr:market xc:value="ZAR BD GOV"><scpr:label xc:value="JSE R209"><scpr:maturity xc:type="Fields" xc:value="NOV 20"><mp:bid1 xc:keyFormat="N">10.02530</mp:bid1><mp:ask1 xc:keyFormat="N">10.02530</mp:ask1></scpr:maturity></scpr:label></scpr:market></scpr:type><scpr:type xc:value="Future"><scpr:market xc:value="ZAR BD GOV"><scpr:label xc:value="JSE R213"><scpr:maturity xc:type="Fields" xc:value="NOV 20"><mp:bid1 xc:keyFormat="N">9.42594</mp:bid1><mp:ask1 xc:keyFormat="N">9.42594</mp:ask1></scpr:maturity></scpr:label></scpr:market></scpr:type><scpr:type xc:value="Future"><scpr:market xc:value="ZAR BD GOV"><scpr:label xc:value="JSE R214"><scpr:maturity xc:type="Fields" xc:value="NOV 20"><mp:bid1 xc:keyFormat="N">10.23260</mp:bid1><mp:ask1 xc:keyFormat="N">10.23260</mp:ask1></scpr:maturity></scpr:label></scpr:market></scpr:type><scpr:type xc:value="Future"><scpr:market xc:value="ZA JSE"><scpr:label xc:value="JSE GOVI TR"><scpr:maturity xc:type="Fields" xc:value="AUG 20"><mp:bid1 xc:keyFormat="N">722.050</mp:bid1><mp:ask1 xc:keyFormat="N">722.050</mp:ask1></scpr:maturity></scpr:label></scpr:market></scpr:type><scpr:type xc:value="Future"><scpr:market xc:value="ZA JSE"><scpr:label xc:value="JSE GOVI TR FUTURE"><scpr:maturity xc:type="Fields" xc:value="AUG 20"><mp:bid1 xc:keyFormat="N">722.050</mp:bid1><mp:ask1 xc:keyFormat="N">722.050</mp:ask1></scpr:maturity></scpr:label></scpr:market></scpr:type><scpr:type xc:value="Future"><scpr:market xc:value="ZA JSE"><scpr:label xc:value="JSE IGOV TR"><scpr:maturity xc:type="Fields" xc:value="AUG 20"><mp:bid1 xc:keyFormat="N">267.931</mp:bid1><mp:ask1 xc:keyFormat="N">267.931</mp:ask1></scpr:maturity></scpr:label></scpr:market></scpr:type><scpr:type xc:value="Future"><scpr:market xc:value="ZA JSE"><scpr:label xc:value="JSE IGOV TR FUTURE"><scpr:maturity xc:type="Fields" xc:value="AUG 20"><mp:bid1 xc:keyFormat="N">267.931</mp:bid1><mp:ask1 xc:keyFormat="N">267.931</mp:ask1></scpr:maturity></scpr:label></scpr:market></scpr:type><scpr:type xc:value="Future"><scpr:market xc:value="ZAR BD GOV"><scpr:label xc:value="JSE R186"><scpr:maturity xc:type="Fields" xc:value="AUG 20"><mp:bid1 xc:keyFormat="N">8.19031</mp:bid1><mp:ask1 xc:keyFormat="N">8.19031</mp:ask1></scpr:maturity></scpr:label></scpr:market></scpr:type><scpr:type xc:value="Future"><scpr:market xc:value="ZAR BD GOV"><scpr:label xc:value="JSE R2023"><scpr:maturity xc:type="Fields" xc:value="AUG 20"><mp:bid1 xc:keyFormat="N">6.77594</mp:bid1><mp:ask1 xc:keyFormat="N">6.77594</mp:ask1></scpr:maturity></scpr:label></scpr:market></scpr:type><scpr:type xc:value="Future"><scpr:market xc:value="ZAR BD GOV"><scpr:label xc:value="JSE R2030"><scpr:maturity xc:type="Fields" xc:value="AUG 20"><mp:bid1 xc:keyFormat="N">9.15263</mp:bid1><mp:ask1 xc:keyFormat="N">9.15263</mp:ask1></scpr:maturity></scpr:label></scpr:market></scpr:type><scpr:type xc:value="Future"><scpr:market xc:value="ZAR BD GOV"><scpr:label xc:value="JSE R2037"><scpr:maturity xc:type="Fields" xc:value="AUG 20"><mp:bid1 xc:keyFormat="N">10.10468</mp:bid1><mp:ask1 xc:keyFormat="N">10.10468</mp:ask1></scpr:maturity></scpr:label></scpr:market></scpr:type><scpr:type xc:value="Future"><scpr:market xc:value="ZAR BD GOV"><scpr:label xc:value="JSE R2040"><scpr:maturity xc:type="Fields" xc:value="AUG 20"><mp:bid1 xc:keyFormat="N">10.23032</mp:bid1><mp:ask1 xc:keyFormat="N">10.23032</mp:ask1></scpr:maturity></scpr:label></scpr:market></scpr:type><scpr:type xc:value="Future"><scpr:market xc:value="ZAR BD GOV"><scpr:label xc:value="JSE R2044"><scpr:maturity xc:type="Fields" xc:value="AUG 20"><mp:bid1 xc:keyFormat="N">10.33298</mp:bid1><mp:ask1 xc:keyFormat="N">10.33298</mp:ask1></scpr:maturity></scpr:label></scpr:market></scpr:type><scpr:type xc:value="Future"><scpr:market xc:value="ZAR BD GOV"><scpr:label xc:value="JSE R2048"><scpr:maturity xc:type="Fields" xc:value="AUG 20"><mp:bid1 xc:keyFormat="N">10.31010</mp:bid1><mp:ask1 xc:keyFormat="N">10.31010</mp:ask1></scpr:maturity></scpr:label></scpr:market></scpr:type><scpr:type xc:value="Future"><scpr:market xc:value="ZAR BD GOV"><scpr:label xc:value="JSE R208"><scpr:maturity xc:type="Fields" xc:value="AUG 20"><mp:bid1 xc:keyFormat="N">6.02216</mp:bid1><mp:ask1 xc:keyFormat="N">6.02216</mp:ask1></scpr:maturity></scpr:label></scpr:market></scpr:type><scpr:type xc:value="Future"><scpr:market xc:value="ZAR BD GOV"><scpr:label xc:value="JSE R209"><scpr:maturity xc:type="Fields" xc:value="AUG 20"><mp:bid1 xc:keyFormat="N">9.94912</mp:bid1><mp:ask1 xc:keyFormat="N">9.94912</mp:ask1></scpr:maturity></scpr:label></scpr:market></scpr:type><scpr:type xc:value="Future"><scpr:market xc:value="ZAR BD GOV"><scpr:label xc:value="JSE R213"><scpr:maturity xc:type="Fields" xc:value="AUG 20"><mp:bid1 xc:keyFormat="N">9.35157</mp:bid1><mp:ask1 xc:keyFormat="N">9.35157</mp:ask1></scpr:maturity></scpr:label></scpr:market></scpr:type><scpr:type xc:value="Future"><scpr:market xc:value="ZAR BD GOV"><scpr:label xc:value="JSE R214"><scpr:maturity xc:type="Fields" xc:value="AUG 20"><mp:bid1 xc:keyFormat="N">10.15593</mp:bid1><mp:ask1 xc:keyFormat="N">10.15593</mp:ask1></scpr:maturity></scpr:label></scpr:market></scpr:type><scpr:type xc:value="Future"><scpr:market xc:value="ZA JSE"><scpr:label xc:value="JSE GOVI TR"><scpr:maturity xc:type="Fields" xc:value="FEB 20"><mp:bid1 xc:keyFormat="N">696.985</mp:bid1><mp:ask1 xc:keyFormat="N">696.985</mp:ask1></scpr:maturity></scpr:label></scpr:market></scpr:type><scpr:type xc:value="Future"><scpr:market xc:value="ZA JSE"><scpr:label xc:value="JSE GOVI TR FUTURE"><scpr:maturity xc:type="Fields" xc:value="FEB 20"><mp:bid1 xc:keyFormat="N">696.985</mp:bid1><mp:ask1 xc:keyFormat="N">696.985</mp:ask1></scpr:maturity></scpr:label></scpr:market></scpr:type><scpr:type xc:value="Future"><scpr:market xc:value="ZA JSE"><scpr:label xc:value="JSE IGOV TR"><scpr:maturity xc:type="Fields" xc:value="FEB 20"><mp:bid1 xc:keyFormat="N">258.506</mp:bid1><mp:ask1 xc:keyFormat="N">258.506</mp:ask1></scpr:maturity></scpr:label></scpr:market></scpr:type><scpr:type xc:value="Future"><scpr:market xc:value="ZA JSE"><scpr:label xc:value="JSE IGOV TR FUTURE"><scpr:maturity xc:type="Fields" xc:value="FEB 20"><mp:bid1 xc:keyFormat="N">258.506</mp:bid1><mp:ask1 xc:keyFormat="N">258.506</mp:ask1></scpr:maturity></scpr:label></scpr:market></scpr:type><scpr:type xc:value="Future"><scpr:market xc:value="ZAR BD GOV"><scpr:label xc:value="JSE R186"><scpr:maturity xc:type="Fields" xc:value="FEB 20"><mp:bid1 xc:keyFormat="N">8.09729</mp:bid1><mp:ask1 xc:keyFormat="N">8.09729</mp:ask1></scpr:maturity></scpr:label></scpr:market></scpr:type><scpr:type xc:value="Future"><scpr:market xc:value="ZAR BD GOV"><scpr:label xc:value="JSE R2023"><scpr:maturity xc:type="Fields" xc:value="FEB 20"><mp:bid1 xc:keyFormat="N">6.86871</mp:bid1><mp:ask1 xc:keyFormat="N">6.86871</mp:ask1></scpr:maturity></scpr:label></scpr:market></scpr:type><scpr:type xc:value="Future"><scpr:market xc:value="ZAR BD GOV"><scpr:label xc:value="JSE R2030"><scpr:maturity xc:type="Fields" xc:value="FEB 20"><mp:bid1 xc:keyFormat="N">9.01025</mp:bid1><mp:ask1 xc:keyFormat="N">9.01025</mp:ask1></scpr:maturity></scpr:label></scpr:market></scpr:type><scpr:type xc:value="Future"><scpr:market xc:value="ZAR BD GOV"><scpr:label xc:value="JSE R2037"><scpr:maturity xc:type="Fields" xc:value="FEB 20"><mp:bid1 xc:keyFormat="N">9.93690</mp:bid1><mp:ask1 xc:keyFormat="N">9.93690</mp:ask1></scpr:maturity></scpr:label></scpr:market></scpr:type><scpr:type xc:value="Future"><scpr:market xc:value="ZAR BD GOV"><scpr:label xc:value="JSE R2040"><scpr:maturity xc:type="Fields" xc:value="FEB 20"><mp:bid1 xc:keyFormat="N">10.06193</mp:bid1><mp:ask1 xc:keyFormat="N">10.06193</mp:ask1></scpr:maturity></scpr:label></scpr:market></scpr:type><scpr:type xc:value="Future"><scpr:market xc:value="ZAR BD GOV"><scpr:label xc:value="JSE R2044"><scpr:maturity xc:type="Fields" xc:value="FEB 20"><mp:bid1 xc:keyFormat="N">10.16678</mp:bid1><mp:ask1 xc:keyFormat="N">10.16678</mp:ask1></scpr:maturity></scpr:label></scpr:market></scpr:type><scpr:type xc:value="Future"><scpr:market xc:value="ZAR BD GOV"><scpr:label xc:value="JSE R2048"><scpr:maturity xc:type="Fields" xc:value="FEB 20"><mp:bid1 xc:keyFormat="N">10.15716</mp:bid1><mp:ask1 xc:keyFormat="N">10.15716</mp:ask1></scpr:maturity></scpr:label></scpr:market></scpr:type><scpr:type xc:value="Future"><scpr:market xc:value="ZAR BD GOV"><scpr:label xc:value="JSE R208"><scpr:maturity xc:type="Fields" xc:value="FEB 20"><mp:bid1 xc:keyFormat="N">6.56479</mp:bid1><mp:ask1 xc:keyFormat="N">6.56479</mp:ask1></scpr:maturity></scpr:label></scpr:market></scpr:type><scpr:type xc:value="Future"><scpr:market xc:value="ZAR BD GOV"><scpr:label xc:value="JSE R209"><scpr:maturity xc:type="Fields" xc:value="FEB 20"><mp:bid1 xc:keyFormat="N">9.80094</mp:bid1><mp:ask1 xc:keyFormat="N">9.80094</mp:ask1></scpr:maturity></scpr:label></scpr:market></scpr:type><scpr:type xc:value="Future"><scpr:market xc:value="ZAR BD GOV"><scpr:label xc:value="JSE R213"><scpr:maturity xc:type="Fields" xc:value="FEB 20"><mp:bid1 xc:keyFormat="N">9.21608</mp:bid1><mp:ask1 xc:keyFormat="N">9.21608</mp:ask1></scpr:maturity></scpr:label></scpr:market></scpr:type><scpr:type xc:value="Future"><scpr:market xc:value="ZAR BD GOV"><scpr:label xc:value="JSE R214"><scpr:maturity xc:type="Fields" xc:value="FEB 20"><mp:bid1 xc:keyFormat="N">10.01153</mp:bid1><mp:ask1 xc:keyFormat="N">10.01153</mp:ask1></scpr:maturity></scpr:label></scpr:market></scpr:type><scpr:type xc:value="Future"><scpr:market xc:value="ZA JSE"><scpr:label xc:value="JSE GOVI TR"><scpr:maturity xc:type="Fields" xc:value="MAY 20"><mp:bid1 xc:keyFormat="N">709.325</mp:bid1><mp:ask1 xc:keyFormat="N">709.325</mp:ask1></scpr:maturity></scpr:label></scpr:market></scpr:type><scpr:type xc:value="Future"><scpr:market xc:value="ZA JSE"><scpr:label xc:value="JSE GOVI TR FUTURE"><scpr:maturity xc:type="Fields" xc:value="MAY 20"><mp:bid1 xc:keyFormat="N">709.325</mp:bid1><mp:ask1 xc:keyFormat="N">709.325</mp:ask1></scpr:maturity></scpr:label></scpr:market></scpr:type><scpr:type xc:value="Future"><scpr:market xc:value="ZA JSE"><scpr:label xc:value="JSE IGOV TR"><scpr:maturity xc:type="Fields" xc:value="MAY 20"><mp:bid1 xc:keyFormat="N">263.147</mp:bid1><mp:ask1 xc:keyFormat="N">263.147</mp:ask1></scpr:maturity></scpr:label></scpr:market></scpr:type><scpr:type xc:value="Future"><scpr:market xc:value="ZA JSE"><scpr:label xc:value="JSE IGOV TR FUTURE"><scpr:maturity xc:type="Fields" xc:value="MAY 20"><mp:bid1 xc:keyFormat="N">263.147</mp:bid1><mp:ask1 xc:keyFormat="N">263.147</mp:ask1></scpr:maturity></scpr:label></scpr:market></scpr:type><scpr:type xc:value="Future"><scpr:market xc:value="ZAR BD GOV"><scpr:label xc:value="JSE R186"><scpr:maturity xc:type="Fields" xc:value="MAY 20"><mp:bid1 xc:keyFormat="N">8.14412</mp:bid1><mp:ask1 xc:keyFormat="N">8.14412</mp:ask1></scpr:maturity></scpr:label></scpr:market></scpr:type><scpr:type xc:value="Future"><scpr:market xc:value="ZAR BD GOV"><scpr:label xc:value="JSE R2023"><scpr:maturity xc:type="Fields" xc:value="MAY 20"><mp:bid1 xc:keyFormat="N">6.83302</mp:bid1><mp:ask1 xc:keyFormat="N">6.83302</mp:ask1></scpr:maturity></scpr:label></scpr:market></scpr:type><scpr:type xc:value="Future"><scpr:market xc:value="ZAR BD GOV"><scpr:label xc:value="JSE R2030"><scpr:maturity xc:type="Fields" xc:value="MAY 20"><mp:bid1 xc:keyFormat="N">9.08051</mp:bid1><mp:ask1 xc:keyFormat="N">9.08051</mp:ask1></scpr:maturity></scpr:label></scpr:market></scpr:type><scpr:type xc:value="Future"><scpr:market xc:value="ZAR BD GOV"><scpr:label xc:value="JSE R2037"><scpr:maturity xc:type="Fields" xc:value="MAY 20"><mp:bid1 xc:keyFormat="N">10.01955</mp:bid1><mp:ask1 xc:keyFormat="N">10.01955</mp:ask1></scpr:maturity></scpr:label></scpr:market></scpr:type><scpr:type xc:value="Future"><scpr:market xc:value="ZAR BD GOV"><scpr:label xc:value="JSE R2040"><scpr:maturity xc:type="Fields" xc:value="MAY 20"><mp:bid1 xc:keyFormat="N">10.14489</mp:bid1><mp:ask1 xc:keyFormat="N">10.14489</mp:ask1></scpr:maturity></scpr:label></scpr:market></scpr:type><scpr:type xc:value="Future"><scpr:market xc:value="ZAR BD GOV"><scpr:label xc:value="JSE R2044"><scpr:maturity xc:type="Fields" xc:value="MAY 20"><mp:bid1 xc:keyFormat="N">10.24869</mp:bid1><mp:ask1 xc:keyFormat="N">10.24869</mp:ask1></scpr:maturity></scpr:label></scpr:market></scpr:type><scpr:type xc:value="Future"><scpr:market xc:value="ZAR BD GOV"><scpr:label xc:value="JSE R2048"><scpr:maturity xc:type="Fields" xc:value="MAY 20"><mp:bid1 xc:keyFormat="N">10.23320</mp:bid1><mp:ask1 xc:keyFormat="N">10.23320</mp:ask1></scpr:maturity></scpr:label></scpr:market></scpr:type><scpr:type xc:value="Future"><scpr:market xc:value="ZAR BD GOV"><scpr:label xc:value="JSE R208"><scpr:maturity xc:type="Fields" xc:value="MAY 20"><mp:bid1 xc:keyFormat="N">6.38469</mp:bid1><mp:ask1 xc:keyFormat="N">6.38469</mp:ask1></scpr:maturity></scpr:label></scpr:market></scpr:type><scpr:type xc:value="Future"><scpr:market xc:value="ZAR BD GOV"><scpr:label xc:value="JSE R209"><scpr:maturity xc:type="Fields" xc:value="MAY 20"><mp:bid1 xc:keyFormat="N">9.87464</mp:bid1><mp:ask1 xc:keyFormat="N">9.87464</mp:ask1></scpr:maturity></scpr:label></scpr:market></scpr:type><scpr:type xc:value="Future"><scpr:market xc:value="ZAR BD GOV"><scpr:label xc:value="JSE R213"><scpr:maturity xc:type="Fields" xc:value="MAY 20"><mp:bid1 xc:keyFormat="N">9.28367</mp:bid1><mp:ask1 xc:keyFormat="N">9.28367</mp:ask1></scpr:maturity></scpr:label></scpr:market></scpr:type><scpr:type xc:value="Future"><scpr:market xc:value="ZAR BD GOV"><scpr:label xc:value="JSE R214"><scpr:maturity xc:type="Fields" xc:value="MAY 20"><mp:bid1 xc:keyFormat="N">10.08345</mp:bid1><mp:ask1 xc:keyFormat="N">10.08345</mp:ask1></scpr:maturity></scpr:label></scpr:market></scpr:type><scpr:type xc:value="Future"><scpr:market xc:value="ZAR BD GOV"><scpr:label xc:value="JSE R186"><scpr:maturity xc:type="Fields" xc:value="DEC 26"><mp:bid1 xc:keyFormat="N">0.00000</mp:bid1><mp:ask1 xc:keyFormat="N">0.00000</mp:ask1></scpr:maturity></scpr:label></scpr:market></scpr:type></scpr:price></sc:security></mp:date>