<?xml version="1.0"?><!DOCTYPE file SYSTEM "md.dtd"><file><marketdata><Date>2020-01-24</Date><ContractCode>JSE R186</ContractCode><ContractExpiry>NOV 20</ContractExpiry><PutCall>F</PutCall><Strike>0.00</Strike><Volatility>5.54000</Volatility><SpotPrice>8.09000</SpotPrice><UncalculatedPrice>8.23878</UncalculatedPrice><CalculatedPrice>114.74524</CalculatedPrice></marketdata><marketdata><Date>2020-01-24</Date><ContractCode>JSE R186</ContractCode><ContractExpiry>NOV 20</ContractExpiry><PutCall>CALL</PutCall><Strike>7.84</Strike><Volatility>5.36000</Volatility><SpotPrice>8.09</SpotPrice><UncalculatedPrice>1322.26</UncalculatedPrice><CalculatedPrice>1322.26</CalculatedPrice></marketdata><marketdata><Date>2020-01-24</Date><ContractCode>JSE R186</ContractCode><ContractExpiry>NOV 20</ContractExpiry><PutCall>CALL</PutCall><Strike>8.34</Strike><Volatility>5.58300</Volatility><SpotPrice>8.09</SpotPrice><UncalculatedPrice>2520.68</UncalculatedPrice><CalculatedPrice>2520.68</CalculatedPrice></marketdata><marketdata><Date>2020-01-24</Date><ContractCode>JSE R186</ContractCode><ContractExpiry>NOV 20</ContractExpiry><PutCall>PUT</PutCall><Strike>9.26</Strike><Volatility>6.21000</Volatility><SpotPrice>8.09</SpotPrice><UncalculatedPrice>727.31</UncalculatedPrice><CalculatedPrice>727.31</CalculatedPrice></marketdata><marketdata><Date>2020-01-24</Date><ContractCode>JSE R2023</ContractCode><ContractExpiry>NOV 20</ContractExpiry><PutCall>F</PutCall><Strike>0.00</Strike><Volatility>2.14000</Volatility><SpotPrice>6.87000</SpotPrice><UncalculatedPrice>6.72122</UncalculatedPrice><CalculatedPrice>103.66715</CalculatedPrice></marketdata><marketdata><Date>2020-01-24</Date><ContractCode>JSE R2030</ContractCode><ContractExpiry>NOV 20</ContractExpiry><PutCall>F</PutCall><Strike>0.00</Strike><Volatility>8.64000</Volatility><SpotPrice>9.01000</SpotPrice><UncalculatedPrice>9.22222</UncalculatedPrice><CalculatedPrice>94.71228</CalculatedPrice></marketdata><marketdata><Date>2020-01-24</Date><ContractCode>JSE R2030</ContractCode><ContractExpiry>NOV 20</ContractExpiry><PutCall>PUT</PutCall><Strike>10.06</Strike><Volatility>9.35900</Volatility><SpotPrice>9.01</SpotPrice><UncalculatedPrice>1255.68</UncalculatedPrice><CalculatedPrice>1255.68</CalculatedPrice></marketdata><marketdata><Date>2020-01-24</Date><ContractCode>JSE R2030</ContractCode><ContractExpiry>NOV 20</ContractExpiry><PutCall>PUT</PutCall><Strike>10.37</Strike><Volatility>9.58000</Volatility><SpotPrice>9.01</SpotPrice><UncalculatedPrice>895.93</UncalculatedPrice><CalculatedPrice>895.93</CalculatedPrice></marketdata><marketdata><Date>2020-01-24</Date><ContractCode>JSE R2030</ContractCode><ContractExpiry>NOV 20</ContractExpiry><PutCall>CALL</PutCall><Strike>8.34</Strike><Volatility>8.07400</Volatility><SpotPrice>9.01</SpotPrice><UncalculatedPrice>887.80</UncalculatedPrice><CalculatedPrice>887.80</CalculatedPrice></marketdata><marketdata><Date>2020-01-24</Date><ContractCode>JSE R2030</ContractCode><ContractExpiry>NOV 20</ContractExpiry><PutCall>CALL</PutCall><Strike>8.53</Strike><Volatility>8.18900</Volatility><SpotPrice>9.01</SpotPrice><UncalculatedPrice>1199.78</UncalculatedPrice><CalculatedPrice>1199.78</CalculatedPrice></marketdata><marketdata><Date>2020-01-24</Date><ContractCode>JSE R2030</ContractCode><ContractExpiry>NOV 20</ContractExpiry><PutCall>CALL</PutCall><Strike>9.03</Strike><Volatility>8.50800</Volatility><SpotPrice>9.01</SpotPrice><UncalculatedPrice>2333.19</UncalculatedPrice><CalculatedPrice>2333.19</CalculatedPrice></marketdata><marketdata><Date>2020-01-24</Date><ContractCode>JSE R2030</ContractCode><ContractExpiry>NOV 20</ContractExpiry><PutCall>CALL</PutCall><Strike>9.04</Strike><Volatility>8.51400</Volatility><SpotPrice>9.01</SpotPrice><UncalculatedPrice>2360.28</UncalculatedPrice><CalculatedPrice>2360.28</CalculatedPrice></marketdata><marketdata><Date>2020-01-24</Date><ContractCode>JSE R2037</ContractCode><ContractExpiry>NOV 20</ContractExpiry><PutCall>F</PutCall><Strike>0.00</Strike><Volatility>12.30000</Volatility><SpotPrice>9.92000</SpotPrice><UncalculatedPrice>10.18648</UncalculatedPrice><CalculatedPrice>89.07712</CalculatedPrice></marketdata><marketdata><Date>2020-01-24</Date><ContractCode>JSE R2040</ContractCode><ContractExpiry>NOV 20</ContractExpiry><PutCall>F</PutCall><Strike>0.00</Strike><Volatility>12.83000</Volatility><SpotPrice>10.04500</SpotPrice><UncalculatedPrice>10.31229</UncalculatedPrice><CalculatedPrice>91.58284</CalculatedPrice></marketdata><marketdata><Date>2020-01-24</Date><ContractCode>JSE R2040</ContractCode><ContractExpiry>NOV 20</ContractExpiry><PutCall>CALL</PutCall><Strike>10.00</Strike><Volatility>12.63000</Volatility><SpotPrice>10.05</SpotPrice><UncalculatedPrice>3039.65</UncalculatedPrice><CalculatedPrice>3039.65</CalculatedPrice></marketdata><marketdata><Date>2020-01-24</Date><ContractCode>JSE R2040</ContractCode><ContractExpiry>NOV 20</ContractExpiry><PutCall>CALL</PutCall><Strike>10.23</Strike><Volatility>12.81400</Volatility><SpotPrice>10.05</SpotPrice><UncalculatedPrice>3850.21</UncalculatedPrice><CalculatedPrice>3850.21</CalculatedPrice></marketdata><marketdata><Date>2020-01-24</Date><ContractCode>JSE R2040</ContractCode><ContractExpiry>NOV 20</ContractExpiry><PutCall>PUT</PutCall><Strike>11.50</Strike><Volatility>14.05000</Volatility><SpotPrice>10.05</SpotPrice><UncalculatedPrice>1383.35</UncalculatedPrice><CalculatedPrice>1383.35</CalculatedPrice></marketdata><marketdata><Date>2020-01-24</Date><ContractCode>JSE R2040</ContractCode><ContractExpiry>NOV 20</ContractExpiry><PutCall>PUT</PutCall><Strike>11.70</Strike><Volatility>14.05000</Volatility><SpotPrice>10.05</SpotPrice><UncalculatedPrice>1099.61</UncalculatedPrice><CalculatedPrice>1099.61</CalculatedPrice></marketdata><marketdata><Date>2020-01-24</Date><ContractCode>JSE R2040</ContractCode><ContractExpiry>NOV 20</ContractExpiry><PutCall>CALL</PutCall><Strike>9.50</Strike><Volatility>12.19000</Volatility><SpotPrice>10.05</SpotPrice><UncalculatedPrice>1624.75</UncalculatedPrice><CalculatedPrice>1624.75</CalculatedPrice></marketdata><marketdata><Date>2020-01-24</Date><ContractCode>JSE R2040</ContractCode><ContractExpiry>NOV 20</ContractExpiry><PutCall>CALL</PutCall><Strike>9.73</Strike><Volatility>12.39300</Volatility><SpotPrice>10.05</SpotPrice><UncalculatedPrice>2212.15</UncalculatedPrice><CalculatedPrice>2212.15</CalculatedPrice></marketdata><marketdata><Date>2020-01-24</Date><ContractCode>JSE R2044</ContractCode><ContractExpiry>NOV 20</ContractExpiry><PutCall>F</PutCall><Strike>0.00</Strike><Volatility>13.59000</Volatility><SpotPrice>10.14000</SpotPrice><UncalculatedPrice>10.41374</UncalculatedPrice><CalculatedPrice>87.93369</CalculatedPrice></marketdata><marketdata><Date>2020-01-24</Date><ContractCode>JSE R2044</ContractCode><ContractExpiry>NOV 20</ContractExpiry><PutCall>CALL</PutCall><Strike>10.02</Strike><Volatility>13.38800</Volatility><SpotPrice>10.14</SpotPrice><UncalculatedPrice>2857.61</UncalculatedPrice><CalculatedPrice>2857.61</CalculatedPrice></marketdata><marketdata><Date>2020-01-24</Date><ContractCode>JSE R2044</ContractCode><ContractExpiry>NOV 20</ContractExpiry><PutCall>PUT</PutCall><Strike>11.17</Strike><Volatility>14.75100</Volatility><SpotPrice>10.14</SpotPrice><UncalculatedPrice>2225.94</UncalculatedPrice><CalculatedPrice>2225.94</CalculatedPrice></marketdata><marketdata><Date>2020-01-24</Date><ContractCode>JSE R2044</ContractCode><ContractExpiry>NOV 20</ContractExpiry><PutCall>PUT</PutCall><Strike>11.38</Strike><Volatility>14.88000</Volatility><SpotPrice>10.14</SpotPrice><UncalculatedPrice>1817.36</UncalculatedPrice><CalculatedPrice>1817.36</CalculatedPrice></marketdata><marketdata><Date>2020-01-24</Date><ContractCode>JSE R2044</ContractCode><ContractExpiry>NOV 20</ContractExpiry><PutCall>CALL</PutCall><Strike>8.87</Strike><Volatility>12.67000</Volatility><SpotPrice>10.14</SpotPrice><UncalculatedPrice>528.64</UncalculatedPrice><CalculatedPrice>528.64</CalculatedPrice></marketdata><marketdata><Date>2020-01-24</Date><ContractCode>JSE R2044</ContractCode><ContractExpiry>NOV 20</ContractExpiry><PutCall>CALL</PutCall><Strike>9.29</Strike><Volatility>12.70900</Volatility><SpotPrice>10.14</SpotPrice><UncalculatedPrice>1045.71</UncalculatedPrice><CalculatedPrice>1045.71</CalculatedPrice></marketdata><marketdata><Date>2020-01-24</Date><ContractCode>JSE R2044</ContractCode><ContractExpiry>NOV 20</ContractExpiry><PutCall>CALL</PutCall><Strike>9.97</Strike><Volatility>13.34300</Volatility><SpotPrice>10.14</SpotPrice><UncalculatedPrice>2699.47</UncalculatedPrice><CalculatedPrice>2699.47</CalculatedPrice></marketdata><marketdata><Date>2020-01-24</Date><ContractCode>JSE R2048</ContractCode><ContractExpiry>NOV 20</ContractExpiry><PutCall>F</PutCall><Strike>0.00</Strike><Volatility>14.03000</Volatility><SpotPrice>10.12500</SpotPrice><UncalculatedPrice>10.39119</UncalculatedPrice><CalculatedPrice>86.88944</CalculatedPrice></marketdata><marketdata><Date>2020-01-24</Date><ContractCode>JSE R208</ContractCode><ContractExpiry>NOV 20</ContractExpiry><PutCall>F</PutCall><Strike>0.00</Strike><Volatility>0.28000</Volatility><SpotPrice>6.58000</SpotPrice><UncalculatedPrice>5.21539</UncalculatedPrice><CalculatedPrice>101.33342</CalculatedPrice></marketdata><marketdata><Date>2020-01-24</Date><ContractCode>JSE R209</ContractCode><ContractExpiry>NOV 20</ContractExpiry><PutCall>F</PutCall><Strike>0.00</Strike><Volatility>13.01000</Volatility><SpotPrice>9.79000</SpotPrice><UncalculatedPrice>10.02530</UncalculatedPrice><CalculatedPrice>71.39188</CalculatedPrice></marketdata><marketdata><Date>2020-01-24</Date><ContractCode>JSE R213</ContractCode><ContractExpiry>NOV 20</ContractExpiry><PutCall>F</PutCall><Strike>0.00</Strike><Volatility>9.76000</Volatility><SpotPrice>9.20500</SpotPrice><UncalculatedPrice>9.42594</UncalculatedPrice><CalculatedPrice>85.57991</CalculatedPrice></marketdata><marketdata><Date>2020-01-24</Date><ContractCode>JSE R214</ContractCode><ContractExpiry>NOV 20</ContractExpiry><PutCall>F</PutCall><Strike>0.00</Strike><Volatility>14.27000</Volatility><SpotPrice>9.99500</SpotPrice><UncalculatedPrice>10.23260</UncalculatedPrice><CalculatedPrice>69.58701</CalculatedPrice></marketdata><marketdata><Date>2020-01-24</Date><ContractCode>JSE GOVI TR</ContractCode><ContractExpiry>AUG 20</ContractExpiry><PutCall>F</PutCall><Strike>0.00</Strike><Volatility>0.00000</Volatility><SpotPrice>695.273</SpotPrice><UncalculatedPrice>722.050</UncalculatedPrice><CalculatedPrice>722.050</CalculatedPrice></marketdata><marketdata><Date>2020-01-24</Date><ContractCode>JSE IGOV TR</ContractCode><ContractExpiry>AUG 20</ContractExpiry><PutCall>F</PutCall><Strike>0.00</Strike><Volatility>0.00000</Volatility><SpotPrice>257.862</SpotPrice><UncalculatedPrice>267.931</UncalculatedPrice><CalculatedPrice>267.931</CalculatedPrice></marketdata><marketdata><Date>2020-01-24</Date><ContractCode>JSE R186</ContractCode><ContractExpiry>AUG 20</ContractExpiry><PutCall>F</PutCall><Strike>0.00</Strike><Volatility>5.86000</Volatility><SpotPrice>8.09000</SpotPrice><UncalculatedPrice>8.19031</UncalculatedPrice><CalculatedPrice>112.71783</CalculatedPrice></marketdata><marketdata><Date>2020-01-24</Date><ContractCode>JSE R2023</ContractCode><ContractExpiry>AUG 20</ContractExpiry><PutCall>F</PutCall><Strike>0.00</Strike><Volatility>2.07000</Volatility><SpotPrice>6.87000</SpotPrice><UncalculatedPrice>6.77594</UncalculatedPrice><CalculatedPrice>105.69954</CalculatedPrice></marketdata><marketdata><Date>2020-01-24</Date><ContractCode>JSE R2030</ContractCode><ContractExpiry>AUG 20</ContractExpiry><PutCall>F</PutCall><Strike>0.00</Strike><Volatility>8.81000</Volatility><SpotPrice>9.01000</SpotPrice><UncalculatedPrice>9.15263</UncalculatedPrice><CalculatedPrice>93.03671</CalculatedPrice></marketdata><marketdata><Date>2020-01-24</Date><ContractCode>JSE R2037</ContractCode><ContractExpiry>AUG 20</ContractExpiry><PutCall>F</PutCall><Strike>0.00</Strike><Volatility>12.01000</Volatility><SpotPrice>9.92000</SpotPrice><UncalculatedPrice>10.10468</UncalculatedPrice><CalculatedPrice>87.49919</CalculatedPrice></marketdata><marketdata><Date>2020-01-24</Date><ContractCode>JSE R2040</ContractCode><ContractExpiry>AUG 20</ContractExpiry><PutCall>F</PutCall><Strike>0.00</Strike><Volatility>12.50000</Volatility><SpotPrice>10.04500</SpotPrice><UncalculatedPrice>10.23032</UncalculatedPrice><CalculatedPrice>89.96030</CalculatedPrice></marketdata><marketdata><Date>2020-01-24</Date><ContractCode>JSE R2044</ContractCode><ContractExpiry>AUG 20</ContractExpiry><PutCall>F</PutCall><Strike>0.00</Strike><Volatility>13.23000</Volatility><SpotPrice>10.14000</SpotPrice><UncalculatedPrice>10.33298</UncalculatedPrice><CalculatedPrice>86.37558</CalculatedPrice></marketdata><marketdata><Date>2020-01-24</Date><ContractCode>JSE R2044</ContractCode><ContractExpiry>AUG 20</ContractExpiry><PutCall>PUT</PutCall><Strike>10.93</Strike><Volatility>14.38400</Volatility><SpotPrice>10.14</SpotPrice><UncalculatedPrice>1747.99</UncalculatedPrice><CalculatedPrice>1747.99</CalculatedPrice></marketdata><marketdata><Date>2020-01-24</Date><ContractCode>JSE R2044</ContractCode><ContractExpiry>AUG 20</ContractExpiry><PutCall>PUT</PutCall><Strike>11.09</Strike><Volatility>14.73100</Volatility><SpotPrice>10.14</SpotPrice><UncalculatedPrice>1476.63</UncalculatedPrice><CalculatedPrice>1476.63</CalculatedPrice></marketdata><marketdata><Date>2020-01-24</Date><ContractCode>JSE R2044</ContractCode><ContractExpiry>AUG 20</ContractExpiry><PutCall>CALL</PutCall><Strike>9.01</Strike><Volatility>11.57000</Volatility><SpotPrice>10.14</SpotPrice><UncalculatedPrice>248.56</UncalculatedPrice><CalculatedPrice>248.56</CalculatedPrice></marketdata><marketdata><Date>2020-01-24</Date><ContractCode>JSE R2044</ContractCode><ContractExpiry>AUG 20</ContractExpiry><PutCall>CALL</PutCall><Strike>9.36</Strike><Volatility>11.78200</Volatility><SpotPrice>10.14</SpotPrice><UncalculatedPrice>595.46</UncalculatedPrice><CalculatedPrice>595.46</CalculatedPrice></marketdata><marketdata><Date>2020-01-24</Date><ContractCode>JSE R2044</ContractCode><ContractExpiry>AUG 20</ContractExpiry><PutCall>CALL</PutCall><Strike>9.66</Strike><Volatility>12.34500</Volatility><SpotPrice>10.14</SpotPrice><UncalculatedPrice>1181.56</UncalculatedPrice><CalculatedPrice>1181.56</CalculatedPrice></marketdata><marketdata><Date>2020-01-24</Date><ContractCode>JSE R2044</ContractCode><ContractExpiry>AUG 20</ContractExpiry><PutCall>CALL</PutCall><Strike>9.98</Strike><Volatility>12.87800</Volatility><SpotPrice>10.14</SpotPrice><UncalculatedPrice>2079.13</UncalculatedPrice><CalculatedPrice>2079.13</CalculatedPrice></marketdata><marketdata><Date>2020-01-24</Date><ContractCode>JSE R2048</ContractCode><ContractExpiry>AUG 20</ContractExpiry><PutCall>F</PutCall><Strike>0.00</Strike><Volatility>12.98000</Volatility><SpotPrice>10.12500</SpotPrice><UncalculatedPrice>10.31010</UncalculatedPrice><CalculatedPrice>89.70773</CalculatedPrice></marketdata><marketdata><Date>2020-01-24</Date><ContractCode>JSE R2048</ContractCode><ContractExpiry>AUG 20</ContractExpiry><PutCall>CALL</PutCall><Strike>9.00</Strike><Volatility>11.35000</Volatility><SpotPrice>10.13</SpotPrice><UncalculatedPrice>246.82</UncalculatedPrice><CalculatedPrice>246.82</CalculatedPrice></marketdata><marketdata><Date>2020-01-24</Date><ContractCode>JSE R2048</ContractCode><ContractExpiry>AUG 20</ContractExpiry><PutCall>CALL</PutCall><Strike>9.25</Strike><Volatility>11.35100</Volatility><SpotPrice>10.13</SpotPrice><UncalculatedPrice>456.54</UncalculatedPrice><CalculatedPrice>456.54</CalculatedPrice></marketdata><marketdata><Date>2020-01-24</Date><ContractCode>JSE R208</ContractCode><ContractExpiry>AUG 20</ContractExpiry><PutCall>F</PutCall><Strike>0.00</Strike><Volatility>0.37000</Volatility><SpotPrice>6.58000</SpotPrice><UncalculatedPrice>6.02216</UncalculatedPrice><CalculatedPrice>102.89091</CalculatedPrice></marketdata><marketdata><Date>2020-01-24</Date><ContractCode>JSE R209</ContractCode><ContractExpiry>AUG 20</ContractExpiry><PutCall>F</PutCall><Strike>0.00</Strike><Volatility>12.47000</Volatility><SpotPrice>9.79000</SpotPrice><UncalculatedPrice>9.94912</UncalculatedPrice><CalculatedPrice>73.22174</CalculatedPrice></marketdata><marketdata><Date>2020-01-24</Date><ContractCode>JSE R213</ContractCode><ContractExpiry>AUG 20</ContractExpiry><PutCall>F</PutCall><Strike>0.00</Strike><Volatility>9.54000</Volatility><SpotPrice>9.20500</SpotPrice><UncalculatedPrice>9.35157</UncalculatedPrice><CalculatedPrice>87.55183</CalculatedPrice></marketdata><marketdata><Date>2020-01-24</Date><ContractCode>JSE R214</ContractCode><ContractExpiry>AUG 20</ContractExpiry><PutCall>F</PutCall><Strike>0.00</Strike><Volatility>13.47000</Volatility><SpotPrice>9.99500</SpotPrice><UncalculatedPrice>10.15593</UncalculatedPrice><CalculatedPrice>71.59153</CalculatedPrice></marketdata><marketdata><Date>2020-01-24</Date><ContractCode>JSE GOVI TR</ContractCode><ContractExpiry>FEB 20</ContractExpiry><PutCall>F</PutCall><Strike>0.00</Strike><Volatility>0.00000</Volatility><SpotPrice>695.273</SpotPrice><UncalculatedPrice>696.985</UncalculatedPrice><CalculatedPrice>696.985</CalculatedPrice></marketdata><marketdata><Date>2020-01-24</Date><ContractCode>JSE IGOV TR</ContractCode><ContractExpiry>FEB 20</ContractExpiry><PutCall>F</PutCall><Strike>0.00</Strike><Volatility>0.00000</Volatility><SpotPrice>257.862</SpotPrice><UncalculatedPrice>258.506</UncalculatedPrice><CalculatedPrice>258.506</CalculatedPrice></marketdata><marketdata><Date>2020-01-24</Date><ContractCode>JSE R186</ContractCode><ContractExpiry>FEB 20</ContractExpiry><PutCall>F</PutCall><Strike>0.00</Strike><Volatility>5.60000</Volatility><SpotPrice>8.09000</SpotPrice><UncalculatedPrice>8.09729</UncalculatedPrice><CalculatedPrice>113.92701</CalculatedPrice></marketdata><marketdata><Date>2020-01-24</Date><ContractCode>JSE R186</ContractCode><ContractExpiry>FEB 20</ContractExpiry><PutCall>CALL</PutCall><Strike>8.11</Strike><Volatility>5.52200</Volatility><SpotPrice>8.09</SpotPrice><UncalculatedPrice>509.86</UncalculatedPrice><CalculatedPrice>509.86</CalculatedPrice></marketdata><marketdata><Date>2020-01-24</Date><ContractCode>JSE R186</ContractCode><ContractExpiry>FEB 20</ContractExpiry><PutCall>PUT</PutCall><Strike>8.50</Strike><Volatility>5.79000</Volatility><SpotPrice>8.09</SpotPrice><UncalculatedPrice>17.46</UncalculatedPrice><CalculatedPrice>17.46</CalculatedPrice></marketdata><marketdata><Date>2020-01-24</Date><ContractCode>JSE R186</ContractCode><ContractExpiry>FEB 20</ContractExpiry><PutCall>PUT</PutCall><Strike>9.00</Strike><Volatility>6.34000</Volatility><SpotPrice>8.09</SpotPrice><UncalculatedPrice>0.04</UncalculatedPrice><CalculatedPrice>0.04</CalculatedPrice></marketdata><marketdata><Date>2020-01-24</Date><ContractCode>JSE R2023</ContractCode><ContractExpiry>FEB 20</ContractExpiry><PutCall>F</PutCall><Strike>0.00</Strike><Volatility>2.04000</Volatility><SpotPrice>6.87000</SpotPrice><UncalculatedPrice>6.86871</UncalculatedPrice><CalculatedPrice>105.89170</CalculatedPrice></marketdata><marketdata><Date>2020-01-24</Date><ContractCode>JSE R2030</ContractCode><ContractExpiry>FEB 20</ContractExpiry><PutCall>F</PutCall><Strike>0.00</Strike><Volatility>8.27000</Volatility><SpotPrice>9.01000</SpotPrice><UncalculatedPrice>9.01025</UncalculatedPrice><CalculatedPrice>93.68146</CalculatedPrice></marketdata><marketdata><Date>2020-01-24</Date><ContractCode>JSE R2030</ContractCode><ContractExpiry>FEB 20</ContractExpiry><PutCall>CALL</PutCall><Strike>8.40</Strike><Volatility>7.63400</Volatility><SpotPrice>9.01</SpotPrice><UncalculatedPrice>0.97</UncalculatedPrice><CalculatedPrice>0.97</CalculatedPrice></marketdata><marketdata><Date>2020-01-24</Date><ContractCode>JSE R2030</ContractCode><ContractExpiry>FEB 20</ContractExpiry><PutCall>CALL</PutCall><Strike>9.00</Strike><Volatility>8.27000</Volatility><SpotPrice>9.01</SpotPrice><UncalculatedPrice>552.23</UncalculatedPrice><CalculatedPrice>552.23</CalculatedPrice></marketdata><marketdata><Date>2020-01-24</Date><ContractCode>JSE R2030</ContractCode><ContractExpiry>FEB 20</ContractExpiry><PutCall>PUT</PutCall><Strike>9.25</Strike><Volatility>8.57000</Volatility><SpotPrice>9.01</SpotPrice><UncalculatedPrice>130.20</UncalculatedPrice><CalculatedPrice>130.20</CalculatedPrice></marketdata><marketdata><Date>2020-01-24</Date><ContractCode>JSE R2030</ContractCode><ContractExpiry>FEB 20</ContractExpiry><PutCall>PUT</PutCall><Strike>9.40</Strike><Volatility>8.82100</Volatility><SpotPrice>9.01</SpotPrice><UncalculatedPrice>40.73</UncalculatedPrice><CalculatedPrice>40.73</CalculatedPrice></marketdata><marketdata><Date>2020-01-24</Date><ContractCode>JSE R2037</ContractCode><ContractExpiry>FEB 20</ContractExpiry><PutCall>F</PutCall><Strike>0.00</Strike><Volatility>11.18000</Volatility><SpotPrice>9.92000</SpotPrice><UncalculatedPrice>9.93690</UncalculatedPrice><CalculatedPrice>88.57982</CalculatedPrice></marketdata><marketdata><Date>2020-01-24</Date><ContractCode>JSE R2040</ContractCode><ContractExpiry>FEB 20</ContractExpiry><PutCall>F</PutCall><Strike>0.00</Strike><Volatility>11.59000</Volatility><SpotPrice>10.04500</SpotPrice><UncalculatedPrice>10.06193</UncalculatedPrice><CalculatedPrice>91.19777</CalculatedPrice></marketdata><marketdata><Date>2020-01-24</Date><ContractCode>JSE R2044</ContractCode><ContractExpiry>FEB 20</ContractExpiry><PutCall>F</PutCall><Strike>0.00</Strike><Volatility>12.26000</Volatility><SpotPrice>10.14000</SpotPrice><UncalculatedPrice>10.16678</UncalculatedPrice><CalculatedPrice>87.61648</CalculatedPrice></marketdata><marketdata><Date>2020-01-24</Date><ContractCode>JSE R2044</ContractCode><ContractExpiry>FEB 20</ContractExpiry><PutCall>PUT</PutCall><Strike>10.78</Strike><Volatility>14.11000</Volatility><SpotPrice>10.14</SpotPrice><UncalculatedPrice>16.53</UncalculatedPrice><CalculatedPrice>16.53</CalculatedPrice></marketdata><marketdata><Date>2020-01-24</Date><ContractCode>JSE R2044</ContractCode><ContractExpiry>FEB 20</ContractExpiry><PutCall>CALL</PutCall><Strike>9.09</Strike><Volatility>10.81300</Volatility><SpotPrice>10.14</SpotPrice><UncalculatedPrice>0.00</UncalculatedPrice><CalculatedPrice>0.00</CalculatedPrice></marketdata><marketdata><Date>2020-01-24</Date><ContractCode>JSE R2044</ContractCode><ContractExpiry>FEB 20</ContractExpiry><PutCall>CALL</PutCall><Strike>9.74</Strike><Volatility>11.76400</Volatility><SpotPrice>10.14</SpotPrice><UncalculatedPrice>30.29</UncalculatedPrice><CalculatedPrice>30.29</CalculatedPrice></marketdata><marketdata><Date>2020-01-24</Date><ContractCode>JSE R2048</ContractCode><ContractExpiry>FEB 20</ContractExpiry><PutCall>F</PutCall><Strike>0.00</Strike><Volatility>12.03000</Volatility><SpotPrice>10.12500</SpotPrice><UncalculatedPrice>10.15716</UncalculatedPrice><CalculatedPrice>90.96144</CalculatedPrice></marketdata><marketdata><Date>2020-01-24</Date><ContractCode>JSE R208</ContractCode><ContractExpiry>FEB 20</ContractExpiry><PutCall>F</PutCall><Strike>0.00</Strike><Volatility>0.47000</Volatility><SpotPrice>6.58000</SpotPrice><UncalculatedPrice>6.56479</UncalculatedPrice><CalculatedPrice>102.65984</CalculatedPrice></marketdata><marketdata><Date>2020-01-24</Date><ContractCode>JSE R209</ContractCode><ContractExpiry>FEB 20</ContractExpiry><PutCall>F</PutCall><Strike>0.00</Strike><Volatility>11.57000</Volatility><SpotPrice>9.79000</SpotPrice><UncalculatedPrice>9.80094</UncalculatedPrice><CalculatedPrice>73.78103</CalculatedPrice></marketdata><marketdata><Date>2020-01-24</Date><ContractCode>JSE R213</ContractCode><ContractExpiry>FEB 20</ContractExpiry><PutCall>F</PutCall><Strike>0.00</Strike><Volatility>8.92000</Volatility><SpotPrice>9.20500</SpotPrice><UncalculatedPrice>9.21608</UncalculatedPrice><CalculatedPrice>88.00603</CalculatedPrice></marketdata><marketdata><Date>2020-01-24</Date><ContractCode>JSE R214</ContractCode><ContractExpiry>FEB 20</ContractExpiry><PutCall>F</PutCall><Strike>0.00</Strike><Volatility>12.48000</Volatility><SpotPrice>9.99500</SpotPrice><UncalculatedPrice>10.01153</UncalculatedPrice><CalculatedPrice>72.35108</CalculatedPrice></marketdata><marketdata><Date>2020-01-24</Date><ContractCode>JSE R214</ContractCode><ContractExpiry>FEB 20</ContractExpiry><PutCall>PUT</PutCall><Strike>10.42</Strike><Volatility>13.38900</Volatility><SpotPrice>10.00</SpotPrice><UncalculatedPrice>59.28</UncalculatedPrice><CalculatedPrice>59.28</CalculatedPrice></marketdata><marketdata><Date>2020-01-24</Date><ContractCode>JSE R214</ContractCode><ContractExpiry>FEB 20</ContractExpiry><PutCall>CALL</PutCall><Strike>9.52</Strike><Volatility>11.52600</Volatility><SpotPrice>10.00</SpotPrice><UncalculatedPrice>11.08</UncalculatedPrice><CalculatedPrice>11.08</CalculatedPrice></marketdata><marketdata><Date>2020-01-24</Date><ContractCode>JSE R214</ContractCode><ContractExpiry>FEB 20</ContractExpiry><PutCall>CALL</PutCall><Strike>9.87</Strike><Volatility>12.25600</Volatility><SpotPrice>10.00</SpotPrice><UncalculatedPrice>304.60</UncalculatedPrice><CalculatedPrice>304.60</CalculatedPrice></marketdata><marketdata><Date>2020-01-24</Date><ContractCode>JSE GOVI TR</ContractCode><ContractExpiry>MAY 20</ContractExpiry><PutCall>F</PutCall><Strike>0.00</Strike><Volatility>0.00000</Volatility><SpotPrice>695.273</SpotPrice><UncalculatedPrice>709.325</UncalculatedPrice><CalculatedPrice>709.325</CalculatedPrice></marketdata><marketdata><Date>2020-01-24</Date><ContractCode>JSE IGOV TR</ContractCode><ContractExpiry>MAY 20</ContractExpiry><PutCall>F</PutCall><Strike>0.00</Strike><Volatility>0.00000</Volatility><SpotPrice>257.862</SpotPrice><UncalculatedPrice>263.147</UncalculatedPrice><CalculatedPrice>263.147</CalculatedPrice></marketdata><marketdata><Date>2020-01-24</Date><ContractCode>JSE R186</ContractCode><ContractExpiry>MAY 20</ContractExpiry><PutCall>F</PutCall><Strike>0.00</Strike><Volatility>5.56000</Volatility><SpotPrice>8.09000</SpotPrice><UncalculatedPrice>8.14412</UncalculatedPrice><CalculatedPrice>115.94413</CalculatedPrice></marketdata><marketdata><Date>2020-01-24</Date><ContractCode>JSE R186</ContractCode><ContractExpiry>MAY 20</ContractExpiry><PutCall>PUT</PutCall><Strike>8.50</Strike><Volatility>5.72000</Volatility><SpotPrice>8.09</SpotPrice><UncalculatedPrice>649.73</UncalculatedPrice><CalculatedPrice>649.73</CalculatedPrice></marketdata><marketdata><Date>2020-01-24</Date><ContractCode>JSE R2023</ContractCode><ContractExpiry>MAY 20</ContractExpiry><PutCall>F</PutCall><Strike>0.00</Strike><Volatility>2.06000</Volatility><SpotPrice>6.87000</SpotPrice><UncalculatedPrice>6.83302</UncalculatedPrice><CalculatedPrice>103.83579</CalculatedPrice></marketdata><marketdata><Date>2020-01-24</Date><ContractCode>JSE R2030</ContractCode><ContractExpiry>MAY 20</ContractExpiry><PutCall>F</PutCall><Strike>0.00</Strike><Volatility>8.31000</Volatility><SpotPrice>9.01000</SpotPrice><UncalculatedPrice>9.08051</UncalculatedPrice><CalculatedPrice>95.34008</CalculatedPrice></marketdata><marketdata><Date>2020-01-24</Date><ContractCode>JSE R2037</ContractCode><ContractExpiry>MAY 20</ContractExpiry><PutCall>F</PutCall><Strike>0.00</Strike><Volatility>11.24000</Volatility><SpotPrice>9.92000</SpotPrice><UncalculatedPrice>10.01955</UncalculatedPrice><CalculatedPrice>90.14810</CalculatedPrice></marketdata><marketdata><Date>2020-01-24</Date><ContractCode>JSE R2037</ContractCode><ContractExpiry>MAY 20</ContractExpiry><PutCall>CALL</PutCall><Strike>10.00</Strike><Volatility>11.24000</Volatility><SpotPrice>9.92</SpotPrice><UncalculatedPrice>2088.56</UncalculatedPrice><CalculatedPrice>2088.56</CalculatedPrice></marketdata><marketdata><Date>2020-01-24</Date><ContractCode>JSE R2037</ContractCode><ContractExpiry>MAY 20</ContractExpiry><PutCall>CALL</PutCall><Strike>9.70</Strike><Volatility>10.77400</Volatility><SpotPrice>9.92</SpotPrice><UncalculatedPrice>1117.83</UncalculatedPrice><CalculatedPrice>1117.83</CalculatedPrice></marketdata><marketdata><Date>2020-01-24</Date><ContractCode>JSE R2040</ContractCode><ContractExpiry>MAY 20</ContractExpiry><PutCall>F</PutCall><Strike>0.00</Strike><Volatility>11.67000</Volatility><SpotPrice>10.04500</SpotPrice><UncalculatedPrice>10.14489</UncalculatedPrice><CalculatedPrice>92.81241</CalculatedPrice></marketdata><marketdata><Date>2020-01-24</Date><ContractCode>JSE R2040</ContractCode><ContractExpiry>MAY 20</ContractExpiry><PutCall>CALL</PutCall><Strike>10.00</Strike><Volatility>11.67000</Volatility><SpotPrice>10.05</SpotPrice><UncalculatedPrice>1793.75</UncalculatedPrice><CalculatedPrice>1793.75</CalculatedPrice></marketdata><marketdata><Date>2020-01-24</Date><ContractCode>JSE R2040</ContractCode><ContractExpiry>MAY 20</ContractExpiry><PutCall>CALL</PutCall><Strike>9.50</Strike><Volatility>10.74000</Volatility><SpotPrice>10.05</SpotPrice><UncalculatedPrice>489.15</UncalculatedPrice><CalculatedPrice>489.15</CalculatedPrice></marketdata><marketdata><Date>2020-01-24</Date><ContractCode>JSE R2044</ContractCode><ContractExpiry>MAY 20</ContractExpiry><PutCall>F</PutCall><Strike>0.00</Strike><Volatility>12.34000</Volatility><SpotPrice>10.14000</SpotPrice><UncalculatedPrice>10.24869</UncalculatedPrice><CalculatedPrice>89.16773</CalculatedPrice></marketdata><marketdata><Date>2020-01-24</Date><ContractCode>JSE R2044</ContractCode><ContractExpiry>MAY 20</ContractExpiry><PutCall>PUT</PutCall><Strike>10.81</Strike><Volatility>13.46100</Volatility><SpotPrice>10.14</SpotPrice><UncalculatedPrice>928.87</UncalculatedPrice><CalculatedPrice>928.87</CalculatedPrice></marketdata><marketdata><Date>2020-01-24</Date><ContractCode>JSE R2044</ContractCode><ContractExpiry>MAY 20</ContractExpiry><PutCall>PUT</PutCall><Strike>11.02</Strike><Volatility>13.99000</Volatility><SpotPrice>10.14</SpotPrice><UncalculatedPrice>660.01</UncalculatedPrice><CalculatedPrice>660.01</CalculatedPrice></marketdata><marketdata><Date>2020-01-24</Date><ContractCode>JSE R2044</ContractCode><ContractExpiry>MAY 20</ContractExpiry><PutCall>CALL</PutCall><Strike>9.26</Strike><Volatility>10.33500</Volatility><SpotPrice>10.14</SpotPrice><UncalculatedPrice>111.07</UncalculatedPrice><CalculatedPrice>111.07</CalculatedPrice></marketdata><marketdata><Date>2020-01-24</Date><ContractCode>JSE R2044</ContractCode><ContractExpiry>MAY 20</ContractExpiry><PutCall>CALL</PutCall><Strike>9.45</Strike><Volatility>10.60800</Volatility><SpotPrice>10.14</SpotPrice><UncalculatedPrice>250.71</UncalculatedPrice><CalculatedPrice>250.71</CalculatedPrice></marketdata><marketdata><Date>2020-01-24</Date><ContractCode>JSE R2044</ContractCode><ContractExpiry>MAY 20</ContractExpiry><PutCall>CALL</PutCall><Strike>9.91</Strike><Volatility>11.73200</Volatility><SpotPrice>10.14</SpotPrice><UncalculatedPrice>1152.66</UncalculatedPrice><CalculatedPrice>1152.66</CalculatedPrice></marketdata><marketdata><Date>2020-01-24</Date><ContractCode>JSE R2044</ContractCode><ContractExpiry>MAY 20</ContractExpiry><PutCall>CALL</PutCall><Strike>9.97</Strike><Volatility>11.87100</Volatility><SpotPrice>10.14</SpotPrice><UncalculatedPrice>1335.19</UncalculatedPrice><CalculatedPrice>1335.19</CalculatedPrice></marketdata><marketdata><Date>2020-01-24</Date><ContractCode>JSE R2048</ContractCode><ContractExpiry>MAY 20</ContractExpiry><PutCall>F</PutCall><Strike>0.00</Strike><Volatility>12.72000</Volatility><SpotPrice>10.12500</SpotPrice><UncalculatedPrice>10.23320</UncalculatedPrice><CalculatedPrice>88.13404</CalculatedPrice></marketdata><marketdata><Date>2020-01-24</Date><ContractCode>JSE R2048</ContractCode><ContractExpiry>MAY 20</ContractExpiry><PutCall>PUT</PutCall><Strike>10.20</Strike><Volatility>12.63600</Volatility><SpotPrice>10.13</SpotPrice><UncalculatedPrice>2511.58</UncalculatedPrice><CalculatedPrice>2511.58</CalculatedPrice></marketdata><marketdata><Date>2020-01-24</Date><ContractCode>JSE R2048</ContractCode><ContractExpiry>MAY 20</ContractExpiry><PutCall>PUT</PutCall><Strike>10.70</Strike><Volatility>13.60400</Volatility><SpotPrice>10.13</SpotPrice><UncalculatedPrice>1092.68</UncalculatedPrice><CalculatedPrice>1092.68</CalculatedPrice></marketdata><marketdata><Date>2020-01-24</Date><ContractCode>JSE R2048</ContractCode><ContractExpiry>MAY 20</ContractExpiry><PutCall>CALL</PutCall><Strike>9.69</Strike><Volatility>11.54000</Volatility><SpotPrice>10.13</SpotPrice><UncalculatedPrice>641.29</UncalculatedPrice><CalculatedPrice>641.29</CalculatedPrice></marketdata><marketdata><Date>2020-01-24</Date><ContractCode>JSE R208</ContractCode><ContractExpiry>MAY 20</ContractExpiry><PutCall>F</PutCall><Strike>0.00</Strike><Volatility>0.42000</Volatility><SpotPrice>6.58000</SpotPrice><UncalculatedPrice>6.38469</UncalculatedPrice><CalculatedPrice>101.07488</CalculatedPrice></marketdata><marketdata><Date>2020-01-24</Date><ContractCode>JSE R209</ContractCode><ContractExpiry>MAY 20</ContractExpiry><PutCall>F</PutCall><Strike>0.00</Strike><Volatility>12.19000</Volatility><SpotPrice>9.79000</SpotPrice><UncalculatedPrice>9.87464</UncalculatedPrice><CalculatedPrice>71.93681</CalculatedPrice></marketdata><marketdata><Date>2020-01-24</Date><ContractCode>JSE R213</ContractCode><ContractExpiry>MAY 20</ContractExpiry><PutCall>F</PutCall><Strike>0.00</Strike><Volatility>9.35000</Volatility><SpotPrice>9.20500</SpotPrice><UncalculatedPrice>9.28367</UncalculatedPrice><CalculatedPrice>86.01382</CalculatedPrice></marketdata><marketdata><Date>2020-01-24</Date><ContractCode>JSE R214</ContractCode><ContractExpiry>MAY 20</ContractExpiry><PutCall>F</PutCall><Strike>0.00</Strike><Volatility>13.18000</Volatility><SpotPrice>9.99500</SpotPrice><UncalculatedPrice>10.08345</UncalculatedPrice><CalculatedPrice>70.33531</CalculatedPrice></marketdata><marketdata><Date>2020-01-24</Date><ContractCode>JSE R214</ContractCode><ContractExpiry>MAY 20</ContractExpiry><PutCall>PUT</PutCall><Strike>10.66</Strike><Volatility>14.60200</Volatility><SpotPrice>10.00</SpotPrice><UncalculatedPrice>801.89</UncalculatedPrice><CalculatedPrice>801.89</CalculatedPrice></marketdata><marketdata><Date>2020-01-24</Date><ContractCode>JSE R214</ContractCode><ContractExpiry>MAY 20</ContractExpiry><PutCall>CALL</PutCall><Strike>9.31</Strike><Volatility>11.81200</Volatility><SpotPrice>10.00</SpotPrice><UncalculatedPrice>282.86</UncalculatedPrice><CalculatedPrice>282.86</CalculatedPrice></marketdata><marketdata><Date>2020-01-24</Date><ContractCode>JSE R214</ContractCode><ContractExpiry>MAY 20</ContractExpiry><PutCall>CALL</PutCall><Strike>9.91</Strike><Volatility>13.04300</Volatility><SpotPrice>10.00</SpotPrice><UncalculatedPrice>1451.97</UncalculatedPrice><CalculatedPrice>1451.97</CalculatedPrice></marketdata><marketdata><Date>2020-01-24</Date><ContractCode>JSE R186</ContractCode><ContractExpiry>DEC 26</ContractExpiry><PutCall>F</PutCall><Strike>0.00</Strike><Volatility>0.00000</Volatility><SpotPrice>0.00000</SpotPrice><UncalculatedPrice>0.00000</UncalculatedPrice><CalculatedPrice>0.00000</CalculatedPrice></marketdata><marketdata><Date>2020-01-24</Date><ContractCode>C044</ContractCode><ContractExpiry>JAN 44</ContractExpiry><PutCall>F</PutCall><Strike>0.00</Strike><Volatility>0.00000</Volatility><SpotPrice>0.000</SpotPrice><UncalculatedPrice>100.000</UncalculatedPrice><CalculatedPrice>0.000</CalculatedPrice></marketdata><marketdata><Date>2020-01-24</Date><ContractCode>C208</ContractCode><ContractExpiry>MAR 21</ContractExpiry><PutCall>F</PutCall><Strike>0.00</Strike><Volatility>0.00000</Volatility><SpotPrice>0.000</SpotPrice><UncalculatedPrice>100.000</UncalculatedPrice><CalculatedPrice>0.000</CalculatedPrice></marketdata><marketdata><Date>2020-01-24</Date><ContractCode>0804</ContractCode><ContractExpiry>MAR 21</ContractExpiry><PutCall>F</PutCall><Strike>0.00</Strike><Volatility>0.00000</Volatility><SpotPrice>0.0</SpotPrice><UncalculatedPrice>100.0</UncalculatedPrice><CalculatedPrice>0.0</CalculatedPrice></marketdata><marketdata><Date>2020-01-24</Date><ContractCode>0807</ContractCode><ContractExpiry>MAR 21</ContractExpiry><PutCall>F</PutCall><Strike>0.00</Strike><Volatility>0.00000</Volatility><SpotPrice>0.0</SpotPrice><UncalculatedPrice>100.0</UncalculatedPrice><CalculatedPrice>0.0</CalculatedPrice></marketdata><marketdata><Date>2020-01-24</Date><ContractCode>C210</ContractCode><ContractExpiry>MAR 28</ContractExpiry><PutCall>F</PutCall><Strike>0.00</Strike><Volatility>0.00000</Volatility><SpotPrice>0.000</SpotPrice><UncalculatedPrice>100.000</UncalculatedPrice><CalculatedPrice>0.000</CalculatedPrice></marketdata><marketdata><Date>2020-01-24</Date><ContractCode>C002</ContractCode><ContractExpiry>MAR 32</ContractExpiry><PutCall>F</PutCall><Strike>0.00</Strike><Volatility>0.00000</Volatility><SpotPrice>0.000</SpotPrice><UncalculatedPrice>100.000</UncalculatedPrice><CalculatedPrice>0.000</CalculatedPrice></marketdata><marketdata><Date>2020-01-24</Date><ContractCode>C209</ContractCode><ContractExpiry>MAR 26</ContractExpiry><PutCall>F</PutCall><Strike>0.00</Strike><Volatility>0.00000</Volatility><SpotPrice>0.000</SpotPrice><UncalculatedPrice>6.250</UncalculatedPrice><CalculatedPrice>93.750</CalculatedPrice></marketdata><marketdata><Date>2020-01-24</Date><ContractCode>0986</ContractCode><ContractExpiry>MAR 26</ContractExpiry><PutCall>F</PutCall><Strike>0.00</Strike><Volatility>0.00000</Volatility><SpotPrice>0.0</SpotPrice><UncalculatedPrice>100.0</UncalculatedPrice><CalculatedPrice>0.0</CalculatedPrice></marketdata><marketdata><Date>2020-01-24</Date><ContractCode>0904</ContractCode><ContractExpiry>MAR 26</ContractExpiry><PutCall>F</PutCall><Strike>0.00</Strike><Volatility>0.00000</Volatility><SpotPrice>0.0</SpotPrice><UncalculatedPrice>100.0</UncalculatedPrice><CalculatedPrice>0.0</CalculatedPrice></marketdata><marketdata><Date>2020-01-24</Date><ContractCode>0908</ContractCode><ContractExpiry>MAR 26</ContractExpiry><PutCall>F</PutCall><Strike>0.00</Strike><Volatility>0.00000</Volatility><SpotPrice>0.0</SpotPrice><UncalculatedPrice>100.0</UncalculatedPrice><CalculatedPrice>0.0</CalculatedPrice></marketdata><marketdata><Date>2020-01-24</Date><ContractCode>C446</ContractCode><ContractExpiry>MAR 26</ContractExpiry><PutCall>F</PutCall><Strike>0.00</Strike><Volatility>0.00000</Volatility><SpotPrice>0.000</SpotPrice><UncalculatedPrice>100.000</UncalculatedPrice><CalculatedPrice>0.000</CalculatedPrice></marketdata></file>